# timestamp , source voltage , measured current , status , source status 
1625657376.889863 -2.810000e+01 -7.118724e-11 256 128 
1625657376.951744 -2.810000e+01 -6.797059e-11 0 128 
1625657377.013602 -2.810000e+01 -6.827252e-11 0 128 
1625657377.075470 -2.810000e+01 -6.434737e-11 0 128 
1625657377.137330 -2.810000e+01 -6.974148e-11 0 128 
1625657377.199190 -2.810000e+01 -6.982857e-11 0 128 
1625657377.261059 -2.810000e+01 -7.040342e-11 0 128 
1625657377.322921 -2.810000e+01 -7.000855e-11 0 128 
1625657377.384790 -2.810000e+01 -6.588610e-11 0 128 
1625657377.446664 -2.810000e+01 -6.329067e-11 0 128 
1625657377.508541 -2.810000e+01 -5.906946e-11 0 128 
1625657377.570416 -2.810000e+01 -7.232524e-11 0 128 
1625657377.632285 -2.810000e+01 -7.771352e-11 0 128 
1625657377.694141 -2.810000e+01 -7.100141e-11 0 128 
1625657377.756002 -2.810000e+01 -6.835377e-11 0 128 
1625657377.817867 -2.810000e+01 -7.020592e-11 0 128 
1625657377.879742 -2.810000e+01 -6.939307e-11 0 128 
1625657377.941611 -2.810000e+01 -6.145588e-11 0 128 
1625657378.003475 -2.810000e+01 -6.555516e-11 0 128 
1625657378.065335 -2.810000e+01 -7.281883e-11 0 128 
1625657378.127199 -2.810000e+01 -6.860341e-11 0 128 
1625657378.189064 -2.810000e+01 -7.301040e-11 0 128 
1625657378.250935 -2.810000e+01 -6.609509e-11 0 128 
1625657378.312812 -2.810000e+01 -7.222075e-11 0 128 
1625657378.374682 -2.810000e+01 -6.159522e-11 0 128 
1625657379.399001 -2.830000e+01 -6.536348e-11 256 128 
1625657379.460876 -2.830000e+01 -6.484094e-11 0 128 
1625657379.522736 -2.830000e+01 -6.986337e-11 0 128 
1625657379.584599 -2.830000e+01 -6.981112e-11 0 128 
1625657379.646460 -2.830000e+01 -6.552028e-11 0 128 
1625657379.708332 -2.830000e+01 -7.057759e-11 0 128 
1625657379.770198 -2.830000e+01 -7.177944e-11 0 128 
1625657379.832071 -2.830000e+01 -6.915497e-11 0 128 
1625657379.893942 -2.830000e+01 -6.763955e-11 0 128 
1625657379.955809 -2.830000e+01 -6.567706e-11 0 128 
1625657380.017668 -2.830000e+01 -7.121631e-11 0 128 
1625657380.079524 -2.830000e+01 -7.398010e-11 0 128 
1625657380.141392 -2.830000e+01 -5.829717e-11 0 128 
1625657380.203251 -2.830000e+01 -6.808083e-11 0 128 
1625657380.265125 -2.830000e+01 -7.226724e-11 0 128 
1625657380.326982 -2.830000e+01 -7.859031e-11 0 128 
1625657380.388840 -2.830000e+01 -6.365646e-11 0 128 
1625657380.450717 -2.830000e+01 -7.089698e-11 0 128 
1625657380.512592 -2.830000e+01 -6.796479e-11 0 128 
1625657380.574458 -2.830000e+01 -6.859763e-11 0 128 
1625657380.636318 -2.830000e+01 -6.986344e-11 0 128 
1625657380.698190 -2.830000e+01 -6.775575e-11 0 128 
1625657380.760052 -2.830000e+01 -7.432266e-11 0 128 
1625657380.821928 -2.830000e+01 -6.945697e-11 0 128 
1625657380.883788 -2.830000e+01 -6.827827e-11 0 128 
1625657381.908111 -2.850000e+01 -6.719832e-11 256 128 
1625657381.969974 -2.850000e+01 -7.283045e-11 0 128 
1625657382.031833 -2.850000e+01 -7.259821e-11 0 128 
1625657382.093699 -2.850000e+01 -7.318460e-11 0 128 
1625657382.155558 -2.850000e+01 -6.669313e-11 0 128 
1625657382.217416 -2.850000e+01 -7.418911e-11 0 128 
1625657382.279285 -2.850000e+01 -7.620968e-11 0 128 
1625657382.341154 -2.850000e+01 -7.183176e-11 0 128 
1625657382.403014 -2.850000e+01 -7.259815e-11 0 128 
1625657382.464884 -2.850000e+01 -7.635482e-11 0 128 
1625657382.526755 -2.850000e+01 -6.460287e-11 0 128 
1625657382.588612 -2.850000e+01 -6.653640e-11 0 128 
1625657382.650476 -2.850000e+01 -7.151819e-11 0 128 
1625657382.712334 -2.850000e+01 -6.665832e-11 0 128 
1625657382.774196 -2.850000e+01 -7.424721e-11 0 128 
1625657382.836065 -2.850000e+01 -7.489172e-11 0 128 
1625657382.897936 -2.850000e+01 -7.204655e-11 0 128 
1625657382.959803 -2.850000e+01 -7.314979e-11 0 128 
1625657383.021665 -2.850000e+01 -6.689061e-11 0 128 
1625657383.083543 -2.850000e+01 -6.798221e-11 0 128 
1625657383.145412 -2.850000e+01 -7.039178e-11 0 128 
1625657383.207268 -2.850000e+01 -7.105951e-11 0 128 
1625657383.269126 -2.850000e+01 -7.698198e-11 0 128 
1625657383.330998 -2.850000e+01 -6.463192e-11 0 128 
1625657383.392858 -2.850000e+01 -6.528219e-11 0 128 
1625657384.417179 -2.870000e+01 -6.701250e-11 256 128 
1625657384.479059 -2.870000e+01 -7.532713e-11 0 128 
1625657384.540928 -2.870000e+01 -7.637231e-11 0 128 
1625657384.602788 -2.870000e+01 -7.123954e-11 0 128 
1625657384.664649 -2.870000e+01 -7.571616e-11 0 128 
1625657384.726516 -2.870000e+01 -7.323687e-11 0 128 
1625657384.788380 -2.870000e+01 -7.133821e-11 0 128 
1625657384.850244 -2.870000e+01 -6.709384e-11 0 128 
1625657384.912115 -2.870000e+01 -6.912602e-11 0 128 
1625657384.973975 -2.870000e+01 -6.967760e-11 0 128 
1625657385.035846 -2.870000e+01 -7.050786e-11 0 128 
1625657385.097704 -2.870000e+01 -7.561744e-11 0 128 
1625657385.159578 -2.870000e+01 -7.666840e-11 0 128 
1625657385.221450 -2.870000e+01 -7.946705e-11 0 128 
1625657385.283327 -2.870000e+01 -6.801702e-11 0 128 
1625657385.345197 -2.870000e+01 -7.784128e-11 0 128 
1625657385.407057 -2.870000e+01 -6.822602e-11 0 128 
1625657385.468914 -2.870000e+01 -7.260402e-11 0 128 
1625657385.530791 -2.870000e+01 -6.945700e-11 0 128 
1625657385.592667 -2.870000e+01 -6.888214e-11 0 128 
1625657385.654523 -2.870000e+01 -6.506162e-11 0 128 
1625657385.716379 -2.870000e+01 -7.543169e-11 0 128 
1625657385.778236 -2.870000e+01 -6.660027e-11 0 128 
1625657385.840105 -2.870000e+01 -7.173886e-11 0 128 
1625657385.901973 -2.870000e+01 -7.326017e-11 0 128 
1625657386.926298 -2.890000e+01 -6.999115e-11 256 128 
1625657386.988167 -2.890000e+01 -7.616901e-11 0 128 
1625657387.050039 -2.890000e+01 -7.057173e-11 0 128 
1625657387.111904 -2.890000e+01 -6.569442e-11 0 128 
1625657387.173777 -2.890000e+01 -7.969347e-11 0 128 
1625657387.235645 -2.890000e+01 -7.183754e-11 0 128 
1625657387.297505 -2.890000e+01 -7.271431e-11 0 128 
1625657387.359374 -2.890000e+01 -7.050214e-11 0 128 
1625657387.421249 -2.890000e+01 -7.508911e-11 0 128 
1625657387.483123 -2.890000e+01 -6.934665e-11 0 128 
1625657387.544981 -2.890000e+01 -7.123951e-11 0 128 
1625657387.606857 -2.890000e+01 -7.525169e-11 0 128 
1625657387.668727 -2.890000e+01 -7.337045e-11 0 128 
1625657387.730591 -2.890000e+01 -7.902000e-11 0 128 
1625657387.792450 -2.890000e+01 -7.270851e-11 0 128 
1625657387.854308 -2.890000e+01 -7.852062e-11 0 128 
1625657387.916175 -2.890000e+01 -7.170402e-11 0 128 
1625657387.978049 -2.890000e+01 -7.076918e-11 0 128 
1625657388.039913 -2.890000e+01 -7.303369e-11 0 128 
1625657388.101774 -2.890000e+01 -7.722582e-11 0 128 
1625657388.163636 -2.890000e+01 -7.420072e-11 0 128 
1625657388.225513 -2.890000e+01 -6.648995e-11 0 128 
1625657388.287388 -2.890000e+01 -7.674388e-11 0 128 
1625657388.349249 -2.890000e+01 -6.980534e-11 0 128 
1625657388.411118 -2.890000e+01 -6.902150e-11 0 128 
1625657389.435432 -2.910000e+01 -6.561904e-11 256 128 
1625657389.497304 -2.910000e+01 -7.050793e-11 0 128 
1625657389.559172 -2.910000e+01 -7.626198e-11 0 128 
1625657389.621042 -2.910000e+01 -7.876452e-11 0 128 
1625657389.682916 -2.910000e+01 -7.668585e-11 0 128 
1625657389.744787 -2.910000e+01 -7.348077e-11 0 128 
1625657389.806651 -2.910000e+01 -6.996795e-11 0 128 
1625657389.868525 -2.910000e+01 -7.077502e-11 0 128 
1625657389.930402 -2.910000e+01 -6.644929e-11 0 128 
1625657389.992271 -2.910000e+01 -7.338784e-11 0 128 
1625657390.054130 -2.910000e+01 -7.550714e-11 0 128 
1625657390.115999 -2.910000e+01 -7.471743e-11 0 128 
1625657390.177864 -2.910000e+01 -7.303362e-11 0 128 
1625657390.239736 -2.910000e+01 -7.313813e-11 0 128 
1625657390.301602 -2.910000e+01 -7.140776e-11 0 128 
1625657390.363461 -2.910000e+01 -6.817375e-11 0 128 
1625657390.425337 -2.910000e+01 -6.939312e-11 0 128 
1625657390.487195 -2.910000e+01 -7.112921e-11 0 128 
1625657390.549066 -2.910000e+01 -8.239919e-11 0 128 
1625657390.610940 -2.910000e+01 -7.671487e-11 0 128 
1625657390.672802 -2.910000e+01 -6.691957e-11 0 128 
1625657390.734668 -2.910000e+01 -7.604132e-11 0 128 
1625657390.796543 -2.910000e+01 -7.830000e-11 0 128 
1625657390.858408 -2.910000e+01 -7.622713e-11 0 128 
1625657390.920286 -2.910000e+01 -7.090855e-11 0 128 
1625657391.944620 -2.930000e+01 -6.750023e-11 256 128 
1625657392.006483 -2.930000e+01 -6.840025e-11 0 128 
1625657392.068360 -2.930000e+01 -7.534454e-11 0 128 
1625657392.130230 -2.930000e+01 -6.888793e-11 0 128 
1625657392.192099 -2.930000e+01 -7.483942e-11 0 128 
1625657392.253976 -2.930000e+01 -7.245302e-11 0 128 
1625657392.315840 -2.930000e+01 -7.735346e-11 0 128 
1625657392.377703 -2.930000e+01 -7.134398e-11 0 128 
1625657392.439563 -2.930000e+01 -6.522995e-11 0 128 
1625657392.501431 -2.930000e+01 -7.483941e-11 0 128 
1625657392.563301 -2.930000e+01 -7.927544e-11 0 128 
1625657392.625166 -2.930000e+01 -6.700664e-11 0 128 
1625657392.687030 -2.930000e+01 -7.734769e-11 0 128 
1625657392.748905 -2.930000e+01 -7.517038e-11 0 128 
1625657392.810768 -2.930000e+01 -7.447361e-11 0 128 
1625657392.872635 -2.930000e+01 -6.864410e-11 0 128 
1625657392.934501 -2.930000e+01 -7.028732e-11 0 128 
1625657392.996376 -2.930000e+01 -7.522260e-11 0 128 
1625657393.058245 -2.930000e+01 -7.334137e-11 0 128 
1625657393.120104 -2.930000e+01 -7.113502e-11 0 128 
1625657393.181972 -2.930000e+01 -7.468264e-11 0 128 
1625657393.243841 -2.930000e+01 -7.734777e-11 0 128 
1625657393.305703 -2.930000e+01 -7.134403e-11 0 128 
1625657393.367565 -2.930000e+01 -7.134982e-11 0 128 
1625657393.429432 -2.930000e+01 -7.007815e-11 0 128 
1625657394.453775 -2.950000e+01 -7.640130e-11 256 128 
1625657394.515646 -2.950000e+01 -7.479290e-11 0 128 
1625657394.577521 -2.950000e+01 -7.223816e-11 0 128 
1625657394.639392 -2.950000e+01 -7.207565e-11 0 128 
1625657394.701268 -2.950000e+01 -7.085050e-11 0 128 
1625657394.763136 -2.950000e+01 -6.563633e-11 0 128 
1625657394.825002 -2.950000e+01 -7.609354e-11 0 128 
1625657394.886875 -2.950000e+01 -7.508911e-11 0 128 
1625657394.948741 -2.950000e+01 -7.031632e-11 0 128 
1625657395.010599 -2.950000e+01 -7.703423e-11 0 128 
1625657395.072474 -2.950000e+01 -6.936411e-11 0 128 
1625657395.134336 -2.950000e+01 -7.293498e-11 0 128 
1625657395.196197 -2.950000e+01 -7.431687e-11 0 128 
1625657395.258072 -2.950000e+01 -7.527488e-11 0 128 
1625657395.319928 -2.950000e+01 -7.098403e-11 0 128 
1625657395.381805 -2.950000e+01 -7.686582e-11 0 128 
1625657395.443680 -2.950000e+01 -7.371299e-11 0 128 
1625657395.505547 -2.950000e+01 -7.475812e-11 0 128 
1625657395.567407 -2.950000e+01 -7.141952e-11 0 128 
1625657395.629265 -2.950000e+01 -6.949178e-11 0 128 
1625657395.691132 -2.950000e+01 -7.612831e-11 0 128 
1625657395.753009 -2.950000e+01 -7.545482e-11 0 128 
1625657395.814886 -2.950000e+01 -7.389878e-11 0 128 
1625657395.876764 -2.950000e+01 -7.529233e-11 0 128 
1625657395.938622 -2.950000e+01 -7.424722e-11 0 128 
1625657396.962950 -2.970000e+01 -7.655230e-11 256 128 
1625657397.024823 -2.970000e+01 -7.504845e-11 0 128 
1625657397.086692 -2.970000e+01 -7.435166e-11 0 128 
1625657397.148558 -2.970000e+01 -8.054700e-11 0 128 
1625657397.210420 -2.970000e+01 -7.274908e-11 0 128 
1625657397.272293 -2.970000e+01 -6.765700e-11 0 128 
1625657397.334165 -2.970000e+01 -7.658718e-11 0 128 
1625657397.396027 -2.970000e+01 -7.127434e-11 0 128 
1625657397.457894 -2.970000e+01 -7.319624e-11 0 128 
1625657397.519753 -2.970000e+01 -7.116984e-11 0 128 
1625657397.581613 -2.970000e+01 -7.561168e-11 0 128 
1625657397.643478 -2.970000e+01 -6.713441e-11 0 128 
1625657397.705357 -2.970000e+01 -7.394521e-11 0 128 
1625657397.767235 -2.970000e+01 -7.084468e-11 0 128 
1625657397.829103 -2.970000e+01 -7.774258e-11 0 128 
1625657397.890976 -2.970000e+01 -7.960064e-11 0 128 
1625657397.952840 -2.970000e+01 -7.164017e-11 0 128 
1625657398.014705 -2.970000e+01 -7.008407e-11 0 128 
1625657398.076570 -2.970000e+01 -7.166337e-11 0 128 
1625657398.138447 -2.970000e+01 -8.129605e-11 0 128 
1625657398.200305 -2.970000e+01 -7.703424e-11 0 128 
1625657398.262164 -2.970000e+01 -7.712132e-11 0 128 
1625657398.324026 -2.970000e+01 -7.730713e-11 0 128 
1625657398.385900 -2.970000e+01 -7.816648e-11 0 128 
1625657398.447757 -2.970000e+01 -7.405560e-11 0 128 
1625657399.472090 -2.990000e+01 -7.529816e-11 256 128 
1625657399.533966 -2.990000e+01 -7.971092e-11 0 128 
1625657399.595832 -2.990000e+01 -8.066315e-11 0 128 
1625657399.657691 -2.990000e+01 -7.997218e-11 0 128 
1625657399.719555 -2.990000e+01 -7.604129e-11 0 128 
1625657399.781416 -2.990000e+01 -7.287108e-11 0 128 
1625657399.843288 -2.990000e+01 -7.797485e-11 0 128 
1625657399.905144 -2.990000e+01 -8.137149e-11 0 128 
1625657399.967003 -2.990000e+01 -8.005932e-11 0 128 
1625657400.028875 -2.990000e+01 -7.504848e-11 0 128 
1625657400.090742 -2.990000e+01 -8.063995e-11 0 128 
1625657400.152601 -2.990000e+01 -8.021029e-11 0 128 
1625657400.214468 -2.990000e+01 -7.316724e-11 0 128 
1625657400.276326 -2.990000e+01 -7.552457e-11 0 128 
1625657400.338190 -2.990000e+01 -8.043669e-11 0 128 
1625657400.400052 -2.990000e+01 -7.726065e-11 0 128 
1625657400.461915 -2.990000e+01 -7.452005e-11 0 128 
1625657400.523776 -2.990000e+01 -7.872963e-11 0 128 
1625657400.585650 -2.990000e+01 -6.637378e-11 0 128 
1625657400.647516 -2.990000e+01 -7.462457e-11 0 128 
1625657400.709395 -2.990000e+01 -7.541418e-11 0 128 
1625657400.771261 -2.990000e+01 -7.915932e-11 0 128 
1625657400.833134 -2.990000e+01 -7.962386e-11 0 128 
1625657400.895007 -2.990000e+01 -7.513547e-11 0 128 
1625657400.956876 -2.990000e+01 -7.345750e-11 0 128 
1625657402.166855 -3.010000e+01 -8.117991e-11 256 128 
1625657402.414349 -3.010000e+01 -7.851621e-11 0 128 
1625657402.661821 -3.010000e+01 -8.261696e-11 0 128 
1625657402.909303 -3.010000e+01 -8.209872e-11 0 128 
1625657403.156783 -3.010000e+01 -8.198697e-11 0 128 
1625657403.404270 -3.010000e+01 -7.722001e-11 0 128 
1625657403.651759 -3.010000e+01 -8.147606e-11 0 128 
1625657403.899233 -3.010000e+01 -7.936399e-11 0 128 
1625657404.146724 -3.010000e+01 -7.962378e-11 0 128 
1625657404.394211 -3.010000e+01 -8.181861e-11 0 128 
1625657404.641689 -3.010000e+01 -8.410190e-11 0 128 
1625657404.889165 -3.010000e+01 -7.978640e-11 0 128 
1625657405.136646 -3.010000e+01 -8.056587e-11 0 128 
1625657405.384136 -3.010000e+01 -7.907949e-11 0 128 
1625657405.631640 -3.010000e+01 -7.987638e-11 0 128 
1625657405.879135 -3.010000e+01 -8.115234e-11 0 128 
1625657406.126608 -3.010000e+01 -7.848722e-11 0 128 
1625657406.374080 -3.010000e+01 -7.742756e-11 0 128 
1625657406.621563 -3.010000e+01 -7.912304e-11 0 128 
1625657406.869051 -3.010000e+01 -8.070523e-11 0 128 
1625657407.116533 -3.010000e+01 -8.322669e-11 0 128 
1625657407.364029 -3.010000e+01 -7.679763e-11 0 128 
1625657407.611514 -3.010000e+01 -7.986915e-11 0 128 
1625657407.859005 -3.010000e+01 -7.815336e-11 0 128 
1625657408.106480 -3.010000e+01 -7.858589e-11 0 128 
1625657409.316415 -3.030000e+01 -8.781652e-11 256 128 
1625657409.563889 -3.030000e+01 -8.748844e-11 0 128 
1625657409.811395 -3.030000e+01 -8.687451e-11 0 128 
1625657410.058883 -3.030000e+01 -8.489742e-11 0 128 
1625657410.306411 -3.030000e+01 -8.523418e-11 0 128 
1625657410.553901 -3.030000e+01 -8.738395e-11 0 128 
1625657410.801415 -3.030000e+01 -8.811119e-11 0 128 
1625657411.048890 -3.030000e+01 -8.827376e-11 0 128 
1625657411.296359 -3.030000e+01 -8.526466e-11 0 128 
1625657411.543837 -3.030000e+01 -8.571901e-11 0 128 
1625657411.791327 -3.030000e+01 -8.696295e-11 0 128 
1625657412.038819 -3.030000e+01 -8.713429e-11 0 128 
1625657412.286326 -3.030000e+01 -8.582783e-11 0 128 
1625657412.533823 -3.030000e+01 -8.718219e-11 0 128 
1625657412.781309 -3.030000e+01 -8.696736e-11 0 128 
1625657413.028805 -3.030000e+01 -8.415705e-11 0 128 
1625657413.276287 -3.030000e+01 -8.326002e-11 0 128 
1625657413.523783 -3.030000e+01 -8.490177e-11 0 128 
1625657413.771275 -3.030000e+01 -8.693542e-11 0 128 
1625657414.018767 -3.030000e+01 -8.994163e-11 0 128 
1625657414.266248 -3.030000e+01 -8.540982e-11 0 128 
1625657414.513729 -3.030000e+01 -8.502950e-11 0 128 
1625657414.761204 -3.030000e+01 -8.604124e-11 0 128 
1625657415.008709 -3.030000e+01 -8.458385e-11 0 128 
1625657415.256188 -3.030000e+01 -8.422531e-11 0 128 
1625657416.466127 -3.050000e+01 -1.041351e-10 256 128 
1625657416.713645 -3.050000e+01 -1.008488e-10 0 128 
1625657416.961126 -3.050000e+01 -1.043907e-10 0 128 
1625657417.208625 -3.050000e+01 -1.042324e-10 0 128 
1625657417.456123 -3.050000e+01 -1.035270e-10 0 128 
1625657417.703602 -3.050000e+01 -1.024905e-10 0 128 
1625657417.951101 -3.050000e+01 -1.035893e-10 0 128 
1625657418.198586 -3.050000e+01 -1.036532e-10 0 128 
1625657418.446079 -3.050000e+01 -1.014498e-10 0 128 
1625657418.693574 -3.050000e+01 -1.025631e-10 0 128 
1625657418.941071 -3.050000e+01 -1.027082e-10 0 128 
1625657419.188561 -3.050000e+01 -1.044966e-10 0 128 
1625657419.436042 -3.050000e+01 -1.043442e-10 0 128 
1625657419.683522 -3.050000e+01 -1.032250e-10 0 128 
1625657419.931010 -3.050000e+01 -1.024992e-10 0 128 
1625657420.178481 -3.050000e+01 -1.023860e-10 0 128 
1625657420.425956 -3.050000e+01 -1.046244e-10 0 128 
1625657420.673420 -3.050000e+01 -1.029231e-10 0 128 
1625657420.920906 -3.050000e+01 -1.029943e-10 0 128 
1625657421.168397 -3.050000e+01 -1.055693e-10 0 128 
1625657421.415856 -3.050000e+01 -1.021828e-10 0 128 
1625657421.663317 -3.050000e+01 -1.047956e-10 0 128 
1625657421.910803 -3.050000e+01 -1.040409e-10 0 128 
1625657422.158272 -3.050000e+01 -1.056361e-10 0 128 
1625657422.405786 -3.050000e+01 -1.038274e-10 0 128 
1625657423.615747 -3.070000e+01 -4.452238e-10 256 128 
1625657423.863190 -3.070000e+01 -4.285046e-10 0 128 
1625657424.110678 -3.070000e+01 -4.460279e-10 0 128 
1625657424.358140 -3.070000e+01 -4.396092e-10 0 128 
1625657424.605617 -3.070000e+01 -4.413699e-10 0 128 
1625657424.853109 -3.070000e+01 -4.449774e-10 0 128 
1625657425.100578 -3.070000e+01 -4.397253e-10 0 128 
1625657425.348059 -3.070000e+01 -4.514077e-10 0 128 
1625657425.595551 -3.070000e+01 -4.420086e-10 0 128 
1625657425.843041 -3.070000e+01 -4.457335e-10 0 128 
1625657426.090520 -3.070000e+01 -4.510766e-10 0 128 
1625657426.337998 -3.070000e+01 -4.529333e-10 0 128 
1625657426.585464 -3.070000e+01 -4.519971e-10 0 128 
1625657426.832946 -3.070000e+01 -4.446768e-10 0 128 
1625657427.080419 -3.070000e+01 -4.509577e-10 0 128 
1625657427.327887 -3.070000e+01 -4.523539e-10 0 128 
1625657427.575386 -3.070000e+01 -4.462180e-10 0 128 
1625657427.822866 -3.070000e+01 -4.625571e-10 0 128 
1625657428.070346 -3.070000e+01 -4.402856e-10 0 128 
1625657428.317818 -3.070000e+01 -4.353462e-10 0 128 
1625657428.565290 -3.070000e+01 -4.420015e-10 0 128 
1625657428.812778 -3.070000e+01 -4.544866e-10 0 128 
1625657429.060245 -3.070000e+01 -4.415631e-10 0 128 
1625657429.307733 -3.070000e+01 -4.493741e-10 0 128 
1625657429.555210 -3.070000e+01 -4.468918e-10 0 128 
1625657430.765135 -3.090000e+01 -9.607518e-09 256 128 
1625657431.012606 -3.090000e+01 -9.641406e-09 0 128 
1625657431.260077 -3.090000e+01 -9.631304e-09 0 128 
1625657431.507552 -3.090000e+01 -9.675629e-09 0 128 
1625657431.755027 -3.090000e+01 -9.617275e-09 0 128 
1625657432.002486 -3.090000e+01 -9.625124e-09 0 128 
1625657432.249984 -3.090000e+01 -9.770390e-09 0 128 
1625657432.497480 -3.090000e+01 -9.646200e-09 0 128 
1625657432.744955 -3.090000e+01 -9.857660e-09 0 128 
1625657432.992467 -3.090000e+01 -9.653780e-09 0 128 
1625657433.239966 -3.090000e+01 -9.592712e-09 0 128 
1625657433.487465 -3.090000e+01 -9.715201e-09 0 128 
1625657433.734950 -3.090000e+01 -9.721798e-09 0 128 
1625657433.982426 -3.090000e+01 -9.723154e-09 0 128 
1625657434.229921 -3.090000e+01 -9.626465e-09 0 128 
1625657435.381658 -3.090000e+01 -9.817864e-09 0 128 
1625657435.629150 -3.090000e+01 -9.850158e-09 0 128 
1625657435.876622 -3.090000e+01 -9.727193e-09 0 128 
1625657436.124106 -3.090000e+01 -9.743064e-09 0 128 
1625657436.371593 -3.090000e+01 -9.766069e-09 0 128 
1625657436.619075 -3.090000e+01 -9.728454e-09 0 128 
1625657436.866565 -3.090000e+01 -9.675448e-09 0 128 
1625657437.114049 -3.090000e+01 -9.822871e-09 0 128 
1625657437.361504 -3.090000e+01 -9.868392e-09 0 128 
1625657437.609003 -3.090000e+01 -9.786238e-09 0 128 
1625657439.384436 -3.110000e+01 -3.466474e-08 256 128 
1625657439.631918 -3.110000e+01 -3.463525e-08 0 128 
1625657439.879421 -3.110000e+01 -3.470747e-08 0 128 
1625657440.126936 -3.110000e+01 -3.434481e-08 0 128 
1625657440.374427 -3.110000e+01 -3.453362e-08 0 128 
1625657440.621949 -3.110000e+01 -3.451123e-08 0 128 
1625657440.869449 -3.110000e+01 -3.449266e-08 0 128 
1625657441.116917 -3.110000e+01 -3.435265e-08 0 128 
1625657441.364398 -3.110000e+01 -3.440589e-08 0 128 
1625657441.611906 -3.110000e+01 -3.487952e-08 0 128 
1625657441.859398 -3.110000e+01 -3.447877e-08 0 128 
1625657442.106882 -3.110000e+01 -3.461078e-08 0 128 
1625657442.354395 -3.110000e+01 -3.458118e-08 0 128 
1625657442.601883 -3.110000e+01 -3.490183e-08 0 128 
1625657442.849372 -3.110000e+01 -3.454819e-08 0 128 
1625657443.096864 -3.110000e+01 -3.456827e-08 0 128 
1625657443.344375 -3.110000e+01 -3.425009e-08 0 128 
1625657443.591869 -3.110000e+01 -3.479802e-08 0 128 
1625657443.839349 -3.110000e+01 -3.472726e-08 0 128 
1625657444.086867 -3.110000e+01 -3.460421e-08 0 128 
1625657444.334364 -3.110000e+01 -3.456411e-08 0 128 
1625657444.581873 -3.110000e+01 -3.450937e-08 0 128 
1625657444.829391 -3.110000e+01 -3.467400e-08 0 128 
1625657445.076891 -3.110000e+01 -3.457271e-08 0 128 
1625657445.324396 -3.110000e+01 -3.466607e-08 0 128 
1625657446.484389 -3.130000e+01 -7.475482e-08 256 128 
1625657446.731895 -3.130000e+01 -7.469861e-08 0 128 
1625657446.979415 -3.130000e+01 -7.506296e-08 0 128 
1625657447.226935 -3.130000e+01 -7.516945e-08 0 128 
1625657447.474442 -3.130000e+01 -7.445973e-08 0 128 
1625657447.721960 -3.130000e+01 -7.483128e-08 0 128 
1625657447.969485 -3.130000e+01 -7.492075e-08 0 128 
1625657448.217015 -3.130000e+01 -7.546062e-08 0 128 
1625657448.464523 -3.130000e+01 -7.487342e-08 0 128 
1625657448.712027 -3.130000e+01 -7.523673e-08 0 128 
1625657448.959542 -3.130000e+01 -7.531150e-08 0 128 
1625657449.207039 -3.130000e+01 -7.479856e-08 0 128 
1625657449.454571 -3.130000e+01 -7.504201e-08 0 128 
1625657449.702061 -3.130000e+01 -7.518081e-08 0 128 
1625657449.949581 -3.130000e+01 -7.486408e-08 0 128 
1625657450.197088 -3.130000e+01 -7.480775e-08 0 128 
1625657450.444611 -3.130000e+01 -7.500289e-08 0 128 
1625657450.692107 -3.130000e+01 -7.523028e-08 0 128 
1625657450.939621 -3.130000e+01 -7.502690e-08 0 128 
1625657451.187115 -3.130000e+01 -7.491707e-08 0 128 
1625657451.434614 -3.130000e+01 -7.557425e-08 0 128 
1625657451.682125 -3.130000e+01 -7.495452e-08 0 128 
1625657451.929638 -3.130000e+01 -7.529682e-08 0 128 
1625657452.177141 -3.130000e+01 -7.499654e-08 0 128 
1625657452.424661 -3.130000e+01 -7.463584e-08 0 128 
1625657454.049592 -3.150000e+01 -1.312769e-07 256 128 
1625657454.297083 -3.150000e+01 -1.311104e-07 0 128 
1625657454.544571 -3.150000e+01 -1.310896e-07 0 128 
1625657454.792070 -3.150000e+01 -1.305034e-07 0 128 
1625657455.039584 -3.150000e+01 -1.318002e-07 0 128 
1625657455.287070 -3.150000e+01 -1.302806e-07 0 128 
1625657455.534543 -3.150000e+01 -1.309156e-07 0 128 
1625657455.782025 -3.150000e+01 -1.310770e-07 0 128 
1625657456.029499 -3.150000e+01 -1.312554e-07 0 128 
1625657456.276981 -3.150000e+01 -1.306593e-07 0 128 
1625657456.524476 -3.150000e+01 -1.316718e-07 0 128 
1625657456.771947 -3.150000e+01 -1.313161e-07 0 128 
1625657457.019439 -3.150000e+01 -1.311236e-07 0 128 
1625657457.266919 -3.150000e+01 -1.309241e-07 0 128 
1625657457.514426 -3.150000e+01 -1.313930e-07 0 128 
1625657457.761891 -3.150000e+01 -1.321846e-07 0 128 
1625657458.009389 -3.150000e+01 -1.318800e-07 0 128 
1625657458.256878 -3.150000e+01 -1.319112e-07 0 128 
1625657458.504380 -3.150000e+01 -1.317948e-07 0 128 
1625657458.751865 -3.150000e+01 -1.311957e-07 0 128 
1625657458.999343 -3.150000e+01 -1.309322e-07 0 128 
1625657459.246829 -3.150000e+01 -1.316612e-07 0 128 
1625657459.494281 -3.150000e+01 -1.315817e-07 0 128 
1625657459.741777 -3.150000e+01 -1.308275e-07 0 128 
1625657459.989268 -3.150000e+01 -1.312198e-07 0 128 
1625657460.754882 -3.170000e+01 -2.076146e-07 256 128 
1625657461.002373 -3.170000e+01 -2.090483e-07 0 128 
1625657461.249848 -3.170000e+01 -2.067420e-07 0 128 
1625657461.497308 -3.170000e+01 -2.079804e-07 0 128 
1625657461.744786 -3.170000e+01 -2.070208e-07 0 128 
1625657461.992295 -3.170000e+01 -2.066174e-07 0 128 
1625657462.239768 -3.170000e+01 -2.068115e-07 0 128 
1625657462.487284 -3.170000e+01 -2.071100e-07 0 128 
1625657462.734764 -3.170000e+01 -2.064252e-07 0 128 
1625657462.982277 -3.170000e+01 -2.076253e-07 0 128 
1625657463.229760 -3.170000e+01 -2.069731e-07 0 128 
1625657463.477244 -3.170000e+01 -2.067598e-07 0 128 
1625657463.724737 -3.170000e+01 -2.064636e-07 0 128 
1625657463.972216 -3.170000e+01 -2.076499e-07 0 128 
1625657464.219715 -3.170000e+01 -2.068488e-07 0 128 
1625657464.467216 -3.170000e+01 -2.082020e-07 0 128 
1625657464.714721 -3.170000e+01 -2.069446e-07 0 128 
1625657464.962195 -3.170000e+01 -2.066073e-07 0 128 
1625657465.209693 -3.170000e+01 -2.074373e-07 0 128 
1625657465.457174 -3.170000e+01 -2.069883e-07 0 128 
1625657465.704676 -3.170000e+01 -2.070168e-07 0 128 
1625657465.952176 -3.170000e+01 -2.081724e-07 0 128 
1625657466.199671 -3.170000e+01 -2.082728e-07 0 128 
1625657466.447163 -3.170000e+01 -2.086166e-07 0 128 
1625657466.694644 -3.170000e+01 -2.061836e-07 0 128 
1625657467.460238 -3.190000e+01 -2.995144e-07 256 128 
1625657467.707734 -3.190000e+01 -3.011667e-07 0 128 
1625657467.955211 -3.190000e+01 -2.996325e-07 0 128 
1625657468.202701 -3.190000e+01 -3.002480e-07 0 128 
1625657468.450217 -3.190000e+01 -2.996925e-07 0 128 
1625657468.697730 -3.190000e+01 -2.993743e-07 0 128 
1625657468.945220 -3.190000e+01 -3.006024e-07 0 128 
1625657469.192729 -3.190000e+01 -3.006069e-07 0 128 
1625657469.440223 -3.190000e+01 -3.013339e-07 0 128 
1625657469.687724 -3.190000e+01 -2.981920e-07 0 128 
1625657469.935195 -3.190000e+01 -3.023485e-07 0 128 
1625657470.182703 -3.190000e+01 -3.002228e-07 0 128 
1625657470.430184 -3.190000e+01 -3.023046e-07 0 128 
1625657470.677668 -3.190000e+01 -3.011418e-07 0 128 
1625657470.925143 -3.190000e+01 -3.002693e-07 0 128 
1625657471.172614 -3.190000e+01 -2.992300e-07 0 128 
1625657471.420105 -3.190000e+01 -3.014621e-07 0 128 
1625657471.667614 -3.190000e+01 -3.001082e-07 0 128 
1625657471.915105 -3.190000e+01 -3.006328e-07 0 128 
1625657472.162595 -3.190000e+01 -3.004521e-07 0 128 
1625657472.410091 -3.190000e+01 -3.012422e-07 0 128 
1625657472.657588 -3.190000e+01 -3.014704e-07 0 128 
1625657472.905072 -3.190000e+01 -3.020242e-07 0 128 
1625657473.152576 -3.190000e+01 -2.995034e-07 0 128 
1625657473.400082 -3.190000e+01 -2.997896e-07 0 128 
1625657474.165654 -3.210000e+01 -4.186628e-07 256 128 
1625657474.413168 -3.210000e+01 -4.187950e-07 0 128 
1625657474.660682 -3.210000e+01 -4.184982e-07 0 128 
1625657474.908181 -3.210000e+01 -4.164575e-07 0 128 
1625657475.155699 -3.210000e+01 -4.181568e-07 0 128 
1625657475.403189 -3.210000e+01 -4.197756e-07 0 128 
1625657475.650696 -3.210000e+01 -4.186588e-07 0 128 
1625657475.898170 -3.210000e+01 -4.184663e-07 0 128 
1625657476.145650 -3.210000e+01 -4.188754e-07 0 128 
1625657476.393118 -3.210000e+01 -4.190405e-07 0 128 
1625657476.640634 -3.210000e+01 -4.171176e-07 0 128 
1625657476.888101 -3.210000e+01 -4.189375e-07 0 128 
1625657477.135587 -3.210000e+01 -4.202780e-07 0 128 
1625657477.383105 -3.210000e+01 -4.207926e-07 0 128 
1625657477.630611 -3.210000e+01 -4.196806e-07 0 128 
1625657477.878117 -3.210000e+01 -4.174138e-07 0 128 
1625657478.125625 -3.210000e+01 -4.180633e-07 0 128 
1625657478.373110 -3.210000e+01 -4.170631e-07 0 128 
1625657478.620591 -3.210000e+01 -4.211958e-07 0 128 
1625657478.868101 -3.210000e+01 -4.172838e-07 0 128 
1625657479.115609 -3.210000e+01 -4.183785e-07 0 128 
1625657479.363105 -3.210000e+01 -4.170194e-07 0 128 
1625657479.610619 -3.210000e+01 -4.183305e-07 0 128 
1625657479.858128 -3.210000e+01 -4.161029e-07 0 128 
1625657480.105635 -3.210000e+01 -4.197959e-07 0 128 
1625657480.871245 -3.230000e+01 -5.592137e-07 256 128 
1625657481.118749 -3.230000e+01 -5.605268e-07 0 128 
1625657481.366267 -3.230000e+01 -5.591900e-07 0 128 
1625657481.613744 -3.230000e+01 -5.616706e-07 0 128 
1625657481.861254 -3.230000e+01 -5.587020e-07 0 128 
1625657482.108731 -3.230000e+01 -5.609962e-07 0 128 
1625657482.356232 -3.230000e+01 -5.602070e-07 0 128 
1625657482.603752 -3.230000e+01 -5.588961e-07 0 128 
1625657482.851256 -3.230000e+01 -5.589914e-07 0 128 
1625657483.098758 -3.230000e+01 -5.609767e-07 0 128 
1625657483.346248 -3.230000e+01 -5.576255e-07 0 128 
1625657483.593770 -3.230000e+01 -5.589053e-07 0 128 
1625657483.841273 -3.230000e+01 -5.617849e-07 0 128 
1625657484.088755 -3.230000e+01 -5.586085e-07 0 128 
1625657484.336265 -3.230000e+01 -5.584898e-07 0 128 
1625657484.583755 -3.230000e+01 -5.633959e-07 0 128 
1625657484.831261 -3.230000e+01 -5.596692e-07 0 128 
1625657485.078771 -3.230000e+01 -5.589917e-07 0 128 
1625657485.326279 -3.230000e+01 -5.590863e-07 0 128 
1625657485.573801 -3.230000e+01 -5.596325e-07 0 128 
1625657485.821297 -3.230000e+01 -5.592763e-07 0 128 
1625657486.068783 -3.230000e+01 -5.585752e-07 0 128 
1625657486.316288 -3.230000e+01 -5.568477e-07 0 128 
1625657486.563780 -3.230000e+01 -5.575080e-07 0 128 
1625657486.811275 -3.230000e+01 -5.571327e-07 0 128 
1625657487.576894 -3.250000e+01 -7.265400e-07 256 128 
1625657487.824404 -3.250000e+01 -7.248518e-07 0 128 
1625657488.071933 -3.250000e+01 -7.257667e-07 0 128 
1625657488.319419 -3.250000e+01 -7.261391e-07 0 128 
1625657488.566927 -3.250000e+01 -7.218617e-07 0 128 
1625657488.814432 -3.250000e+01 -7.250098e-07 0 128 
1625657489.061950 -3.250000e+01 -7.272641e-07 0 128 
1625657489.309460 -3.250000e+01 -7.261301e-07 0 128 
1625657489.556978 -3.250000e+01 -7.270056e-07 0 128 
1625657489.804474 -3.250000e+01 -7.257232e-07 0 128 
1625657490.051991 -3.250000e+01 -7.230522e-07 0 128 
1625657490.299483 -3.250000e+01 -7.254445e-07 0 128 
1625657490.546979 -3.250000e+01 -7.230850e-07 0 128 
1625657490.794485 -3.250000e+01 -7.213650e-07 0 128 
1625657491.041960 -3.250000e+01 -7.212797e-07 0 128 
1625657491.289484 -3.250000e+01 -7.206258e-07 0 128 
1625657491.536993 -3.250000e+01 -7.243070e-07 0 128 
1625657491.784492 -3.250000e+01 -7.205450e-07 0 128 
1625657492.031997 -3.250000e+01 -7.246434e-07 0 128 
1625657492.279482 -3.250000e+01 -7.252271e-07 0 128 
1625657492.527001 -3.250000e+01 -7.245395e-07 0 128 
1625657492.774497 -3.250000e+01 -7.242076e-07 0 128 
1625657493.022002 -3.250000e+01 -7.249982e-07 0 128 
1625657493.269530 -3.250000e+01 -7.234916e-07 0 128 
1625657493.517049 -3.250000e+01 -7.209559e-07 0 128 
1625657494.282630 -3.270000e+01 -9.212838e-07 256 128 
1625657494.530138 -3.270000e+01 -9.181045e-07 0 128 
1625657494.777662 -3.270000e+01 -9.221221e-07 0 128 
1625657495.025187 -3.270000e+01 -9.218559e-07 0 128 
1625657495.272722 -3.270000e+01 -9.196191e-07 0 128 
1625657495.520238 -3.270000e+01 -9.186690e-07 0 128 
1625657495.767751 -3.270000e+01 -9.181097e-07 0 128 
1625657496.015275 -3.270000e+01 -9.202254e-07 0 128 
1625657496.262792 -3.270000e+01 -9.216000e-07 0 128 
1625657496.510311 -3.270000e+01 -9.211631e-07 0 128 
1625657496.757837 -3.270000e+01 -9.216598e-07 0 128 
1625657497.005358 -3.270000e+01 -9.187414e-07 0 128 
1625657497.252866 -3.270000e+01 -9.246950e-07 0 128 
1625657497.500373 -3.270000e+01 -9.188454e-07 0 128 
1625657497.747898 -3.270000e+01 -9.227056e-07 0 128 
1625657497.995433 -3.270000e+01 -9.239199e-07 0 128 
1625657498.242944 -3.270000e+01 -9.205788e-07 0 128 
1625657498.490451 -3.270000e+01 -9.223868e-07 0 128 
1625657498.737939 -3.270000e+01 -9.208969e-07 0 128 
1625657498.985438 -3.270000e+01 -9.194522e-07 0 128 
1625657499.232949 -3.270000e+01 -9.204795e-07 0 128 
1625657499.480461 -3.270000e+01 -9.151219e-07 0 128 
1625657499.727965 -3.270000e+01 -9.179472e-07 0 128 
1625657499.975490 -3.270000e+01 -9.205370e-07 0 128 
1625657500.222988 -3.270000e+01 -9.236223e-07 0 128 
1625657501.264990 -3.290000e+01 -1.155416e-06 256 128 
1625657501.512468 -3.290000e+01 -1.149952e-06 0 128 
1625657501.759953 -3.290000e+01 -1.154180e-06 0 128 
1625657502.007440 -3.290000e+01 -1.151542e-06 0 128 
1625657502.254943 -3.290000e+01 -1.152311e-06 0 128 
1625657502.502444 -3.290000e+01 -1.150637e-06 0 128 
1625657502.749951 -3.290000e+01 -1.151507e-06 0 128 
1625657502.997449 -3.290000e+01 -1.147788e-06 0 128 
1625657503.244924 -3.290000e+01 -1.153557e-06 0 128 
1625657503.492423 -3.290000e+01 -1.150394e-06 0 128 
1625657503.739900 -3.290000e+01 -1.152783e-06 0 128 
1625657503.987385 -3.290000e+01 -1.150236e-06 0 128 
1625657504.234885 -3.290000e+01 -1.154901e-06 0 128 
1625657504.482407 -3.290000e+01 -1.152908e-06 0 128 
1625657504.729893 -3.290000e+01 -1.154429e-06 0 128 
1625657504.977372 -3.290000e+01 -1.149663e-06 0 128 
1625657505.224877 -3.290000e+01 -1.153903e-06 0 128 
1625657505.472365 -3.290000e+01 -1.154353e-06 0 128 
1625657505.719837 -3.290000e+01 -1.152573e-06 0 128 
1625657505.967339 -3.290000e+01 -1.153529e-06 0 128 
1625657506.214811 -3.290000e+01 -1.152941e-06 0 128 
1625657506.462306 -3.290000e+01 -1.152625e-06 0 128 
1625657506.709796 -3.290000e+01 -1.151831e-06 0 128 
1625657506.957301 -3.290000e+01 -1.154914e-06 0 128 
1625657507.204803 -3.290000e+01 -1.153936e-06 0 128 
1625657507.954654 -3.310000e+01 -1.421027e-06 256 128 
1625657508.202144 -3.310000e+01 -1.427062e-06 0 128 
1625657508.449630 -3.310000e+01 -1.423527e-06 0 128 
1625657508.697125 -3.310000e+01 -1.420289e-06 0 128 
1625657508.944616 -3.310000e+01 -1.424940e-06 0 128 
1625657509.192104 -3.310000e+01 -1.424336e-06 0 128 
1625657509.439591 -3.310000e+01 -1.424053e-06 0 128 
1625657509.687084 -3.310000e+01 -1.422926e-06 0 128 
1625657509.934588 -3.310000e+01 -1.423884e-06 0 128 
1625657510.182050 -3.310000e+01 -1.425183e-06 0 128 
1625657510.429539 -3.310000e+01 -1.419456e-06 0 128 
1625657510.677003 -3.310000e+01 -1.424210e-06 0 128 
1625657510.924506 -3.310000e+01 -1.421764e-06 0 128 
1625657511.171987 -3.310000e+01 -1.424779e-06 0 128 
1625657511.419474 -3.310000e+01 -1.423198e-06 0 128 
1625657511.666955 -3.310000e+01 -1.421684e-06 0 128 
1625657511.914470 -3.310000e+01 -1.426566e-06 0 128 
1625657512.161951 -3.310000e+01 -1.422576e-06 0 128 
1625657512.409427 -3.310000e+01 -1.425011e-06 0 128 
1625657512.656936 -3.310000e+01 -1.423115e-06 0 128 
1625657512.904422 -3.310000e+01 -1.428518e-06 0 128 
1625657513.151893 -3.310000e+01 -1.425116e-06 0 128 
1625657513.399394 -3.310000e+01 -1.426750e-06 0 128 
1625657513.646878 -3.310000e+01 -1.421854e-06 0 128 
1625657513.894378 -3.310000e+01 -1.421857e-06 0 128 
1625657514.644222 -3.330000e+01 -1.734224e-06 256 128 
1625657514.891728 -3.330000e+01 -1.731050e-06 0 128 
1625657515.139212 -3.330000e+01 -1.732341e-06 0 128 
1625657515.386717 -3.330000e+01 -1.731364e-06 0 128 
1625657515.634203 -3.330000e+01 -1.739769e-06 0 128 
1625657515.881682 -3.330000e+01 -1.734367e-06 0 128 
1625657516.129169 -3.330000e+01 -1.732640e-06 0 128 
1625657516.376646 -3.330000e+01 -1.728073e-06 0 128 
1625657516.624141 -3.330000e+01 -1.736536e-06 0 128 
1625657516.871648 -3.330000e+01 -1.734130e-06 0 128 
1625657517.119159 -3.330000e+01 -1.730913e-06 0 128 
1625657517.366660 -3.330000e+01 -1.724405e-06 0 128 
1625657517.614153 -3.330000e+01 -1.730971e-06 0 128 
1625657517.861646 -3.330000e+01 -1.738015e-06 0 128 
1625657518.109141 -3.330000e+01 -1.731467e-06 0 128 
1625657518.356611 -3.330000e+01 -1.734838e-06 0 128 
1625657518.604093 -3.330000e+01 -1.731486e-06 0 128 
1625657518.851589 -3.330000e+01 -1.734530e-06 0 128 
1625657519.099059 -3.330000e+01 -1.733582e-06 0 128 
1625657519.346548 -3.330000e+01 -1.733821e-06 0 128 
1625657519.594035 -3.330000e+01 -1.729468e-06 0 128 
1625657519.841530 -3.330000e+01 -1.733136e-06 0 128 
1625657520.089014 -3.330000e+01 -1.738976e-06 0 128 
1625657520.336538 -3.330000e+01 -1.734411e-06 0 128 
1625657520.584016 -3.330000e+01 -1.733871e-06 0 128 
1625657521.333858 -3.350000e+01 -2.096770e-06 256 128 
1625657521.581379 -3.350000e+01 -2.095620e-06 0 128 
1625657521.828865 -3.350000e+01 -2.099662e-06 0 128 
1625657522.076373 -3.350000e+01 -2.099948e-06 0 128 
1625657522.323853 -3.350000e+01 -2.094043e-06 0 128 
1625657522.571348 -3.350000e+01 -2.091132e-06 0 128 
1625657522.818859 -3.350000e+01 -2.092180e-06 0 128 
1625657523.066350 -3.350000e+01 -2.093613e-06 0 128 
1625657523.313850 -3.350000e+01 -2.099968e-06 0 128 
1625657523.561333 -3.350000e+01 -2.102896e-06 0 128 
1625657523.808833 -3.350000e+01 -2.102494e-06 0 128 
1625657524.056336 -3.350000e+01 -2.097862e-06 0 128 
1625657524.303817 -3.350000e+01 -2.091527e-06 0 128 
1625657524.551332 -3.350000e+01 -2.102884e-06 0 128 
1625657524.798822 -3.350000e+01 -2.099134e-06 0 128 
1625657525.046297 -3.350000e+01 -2.094140e-06 0 128 
1625657525.293799 -3.350000e+01 -2.094402e-06 0 128 
1625657525.541293 -3.350000e+01 -2.096953e-06 0 128 
1625657525.788784 -3.350000e+01 -2.097265e-06 0 128 
1625657526.036266 -3.350000e+01 -2.105456e-06 0 128 
1625657526.283755 -3.350000e+01 -2.086740e-06 0 128 
1625657526.531225 -3.350000e+01 -2.090727e-06 0 128 
1625657526.778747 -3.350000e+01 -2.093696e-06 0 128 
1625657527.026247 -3.350000e+01 -2.093873e-06 0 128 
1625657527.273747 -3.350000e+01 -2.106988e-06 0 128 
1625657528.023598 -3.370000e+01 -2.515066e-06 256 128 
1625657528.271064 -3.370000e+01 -2.523693e-06 0 128 
1625657528.518586 -3.370000e+01 -2.529444e-06 0 128 
1625657528.766075 -3.370000e+01 -2.518737e-06 0 128 
1625657529.013570 -3.370000e+01 -2.520245e-06 0 128 
1625657529.261073 -3.370000e+01 -2.531479e-06 0 128 
1625657529.508578 -3.370000e+01 -2.529400e-06 0 128 
1625657529.756092 -3.370000e+01 -2.525282e-06 0 128 
1625657530.003594 -3.370000e+01 -2.524854e-06 0 128 
1625657530.251086 -3.370000e+01 -2.531212e-06 0 128 
1625657530.498559 -3.370000e+01 -2.536867e-06 0 128 
1625657530.746058 -3.370000e+01 -2.530175e-06 0 128 
1625657530.993555 -3.370000e+01 -2.519321e-06 0 128 
1625657531.241083 -3.370000e+01 -2.521819e-06 0 128 
1625657531.488577 -3.370000e+01 -2.533372e-06 0 128 
1625657531.736061 -3.370000e+01 -2.524132e-06 0 128 
1625657531.983556 -3.370000e+01 -2.520287e-06 0 128 
1625657532.231019 -3.370000e+01 -2.529051e-06 0 128 
1625657532.478516 -3.370000e+01 -2.528504e-06 0 128 
1625657532.726014 -3.370000e+01 -2.512813e-06 0 128 
1625657532.973529 -3.370000e+01 -2.525863e-06 0 128 
1625657533.221019 -3.370000e+01 -2.529308e-06 0 128 
1625657533.468506 -3.370000e+01 -2.529744e-06 0 128 
1625657533.715978 -3.370000e+01 -2.522083e-06 0 128 
1625657533.963464 -3.370000e+01 -2.511578e-06 0 128 
1625657534.713326 -3.390000e+01 -2.992198e-06 256 128 
1625657534.960841 -3.390000e+01 -2.991002e-06 0 128 
1625657535.208334 -3.390000e+01 -3.017674e-06 0 128 
1625657535.455806 -3.390000e+01 -3.000725e-06 0 128 
1625657535.703280 -3.390000e+01 -3.007930e-06 0 128 
1625657535.950770 -3.390000e+01 -3.005148e-06 0 128 
1625657536.198278 -3.390000e+01 -3.002948e-06 0 128 
1625657536.445780 -3.390000e+01 -3.000035e-06 0 128 
1625657536.693257 -3.390000e+01 -3.009761e-06 0 128 
1625657536.940758 -3.390000e+01 -3.002975e-06 0 128 
1625657537.188257 -3.390000e+01 -2.989598e-06 0 128 
1625657537.435765 -3.390000e+01 -2.999328e-06 0 128 
1625657537.683264 -3.390000e+01 -2.994756e-06 0 128 
1625657537.930763 -3.390000e+01 -2.998983e-06 0 128 
1625657538.178252 -3.390000e+01 -2.998999e-06 0 128 
1625657538.425749 -3.390000e+01 -3.004410e-06 0 128 
1625657538.673232 -3.390000e+01 -2.998508e-06 0 128 
1625657538.920740 -3.390000e+01 -2.996449e-06 0 128 
1625657539.168242 -3.390000e+01 -2.995448e-06 0 128 
1625657539.415719 -3.390000e+01 -2.992157e-06 0 128 
1625657539.663217 -3.390000e+01 -2.994100e-06 0 128 
1625657539.910711 -3.390000e+01 -2.994541e-06 0 128 
1625657540.158220 -3.390000e+01 -2.999525e-06 0 128 
1625657540.405739 -3.390000e+01 -2.993247e-06 0 128 
1625657540.653246 -3.390000e+01 -2.982458e-06 0 128 
1625657541.403063 -3.410000e+01 -3.559769e-06 256 128 
1625657541.650569 -3.410000e+01 -3.566543e-06 0 128 
1625657541.898074 -3.410000e+01 -3.542651e-06 0 128 
1625657542.145561 -3.410000e+01 -3.550701e-06 0 128 
1625657542.393055 -3.410000e+01 -3.544586e-06 0 128 
1625657542.640553 -3.410000e+01 -3.558041e-06 0 128 
1625657542.888054 -3.410000e+01 -3.563049e-06 0 128 
1625657543.135569 -3.410000e+01 -3.554499e-06 0 128 
1625657543.383043 -3.410000e+01 -3.555481e-06 0 128 
1625657543.630546 -3.410000e+01 -3.557689e-06 0 128 
1625657543.878038 -3.410000e+01 -3.560021e-06 0 128 
1625657544.125506 -3.410000e+01 -3.561197e-06 0 128 
1625657544.372992 -3.410000e+01 -3.566023e-06 0 128 
1625657544.620506 -3.410000e+01 -3.559934e-06 0 128 
1625657544.867995 -3.410000e+01 -3.552176e-06 0 128 
1625657545.115492 -3.410000e+01 -3.571612e-06 0 128 
1625657545.362982 -3.410000e+01 -3.561388e-06 0 128 
1625657545.610486 -3.410000e+01 -3.563605e-06 0 128 
1625657545.857978 -3.410000e+01 -3.556285e-06 0 128 
1625657546.105466 -3.410000e+01 -3.569204e-06 0 128 
1625657546.352945 -3.410000e+01 -3.532203e-06 0 128 
1625657546.600437 -3.410000e+01 -3.511097e-06 0 128 
1625657546.847924 -3.410000e+01 -3.524743e-06 0 128 
1625657547.095417 -3.410000e+01 -3.498249e-06 0 128 
1625657547.342891 -3.410000e+01 -3.518983e-06 0 128 
1625657548.092767 -3.430000e+01 -4.183575e-06 256 128 
1625657548.340245 -3.430000e+01 -4.175020e-06 0 128 
1625657548.587734 -3.430000e+01 -4.178622e-06 0 128 
1625657548.835245 -3.430000e+01 -4.184470e-06 0 128 
1625657549.082749 -3.430000e+01 -4.181162e-06 0 128 
1625657549.330262 -3.430000e+01 -4.185798e-06 0 128 
1625657549.577776 -3.430000e+01 -4.137744e-06 0 128 
1625657549.825281 -3.430000e+01 -4.173362e-06 0 128 
1625657550.072800 -3.430000e+01 -4.188212e-06 0 128 
1625657550.320294 -3.430000e+01 -4.178380e-06 0 128 
1625657550.567796 -3.430000e+01 -4.179497e-06 0 128 
1625657550.815299 -3.430000e+01 -4.176676e-06 0 128 
1625657551.062807 -3.430000e+01 -4.185338e-06 0 128 
1625657551.310290 -3.430000e+01 -4.195022e-06 0 128 
1625657551.557799 -3.430000e+01 -4.192063e-06 0 128 
1625657551.805288 -3.430000e+01 -4.165655e-06 0 128 
1625657552.052777 -3.430000e+01 -4.185075e-06 0 128 
1625657552.300279 -3.430000e+01 -4.184322e-06 0 128 
1625657552.547768 -3.430000e+01 -4.181127e-06 0 128 
1625657552.795242 -3.430000e+01 -4.176877e-06 0 128 
1625657553.042752 -3.430000e+01 -4.195503e-06 0 128 
1625657553.290232 -3.430000e+01 -4.181851e-06 0 128 
1625657553.537742 -3.430000e+01 -4.170317e-06 0 128 
1625657553.785244 -3.430000e+01 -4.181071e-06 0 128 
1625657554.032741 -3.430000e+01 -4.169032e-06 0 128 
1625657554.782620 -3.450000e+01 -4.929192e-06 256 128 
1625657555.030110 -3.450000e+01 -4.929881e-06 0 128 
1625657555.277602 -3.450000e+01 -4.925495e-06 0 128 
1625657555.525095 -3.450000e+01 -4.948787e-06 0 128 
1625657555.772613 -3.450000e+01 -4.917383e-06 0 128 
1625657556.020118 -3.450000e+01 -4.931055e-06 0 128 
1625657556.267636 -3.450000e+01 -4.924900e-06 0 128 
1625657556.515163 -3.450000e+01 -4.919618e-06 0 128 
1625657556.762681 -3.450000e+01 -4.941518e-06 0 128 
1625657557.010163 -3.450000e+01 -4.932342e-06 0 128 
1625657557.257666 -3.450000e+01 -4.938965e-06 0 128 
1625657557.505160 -3.450000e+01 -4.926322e-06 0 128 
1625657557.752643 -3.450000e+01 -4.911062e-06 0 128 
1625657558.000165 -3.450000e+01 -4.930792e-06 0 128 
1625657558.247671 -3.450000e+01 -4.921019e-06 0 128 
1625657558.495158 -3.450000e+01 -4.923138e-06 0 128 
1625657558.742673 -3.450000e+01 -4.926281e-06 0 128 
1625657558.990175 -3.450000e+01 -4.931208e-06 0 128 
1625657559.237658 -3.450000e+01 -4.925650e-06 0 128 
1625657559.485170 -3.450000e+01 -4.912541e-06 0 128 
1625657559.732667 -3.450000e+01 -4.909948e-06 0 128 
1625657559.980165 -3.450000e+01 -4.911322e-06 0 128 
1625657560.227649 -3.450000e+01 -4.921214e-06 0 128 
1625657560.475134 -3.450000e+01 -4.925892e-06 0 128 
1625657560.722632 -3.450000e+01 -4.916492e-06 0 128 
1625657561.472523 -3.470000e+01 -5.767958e-06 256 128 
1625657561.720023 -3.470000e+01 -5.752893e-06 0 128 
1625657561.967520 -3.470000e+01 -5.756910e-06 0 128 
1625657562.215026 -3.470000e+01 -5.748685e-06 0 128 
1625657562.462548 -3.470000e+01 -5.757722e-06 0 128 
1625657562.710039 -3.470000e+01 -5.773235e-06 0 128 
1625657562.957536 -3.470000e+01 -5.748539e-06 0 128 
1625657563.205033 -3.470000e+01 -5.764437e-06 0 128 
1625657563.452515 -3.470000e+01 -5.742874e-06 0 128 
1625657563.700020 -3.470000e+01 -5.748854e-06 0 128 
1625657563.947530 -3.470000e+01 -5.750114e-06 0 128 
1625657564.195036 -3.470000e+01 -5.753552e-06 0 128 
1625657564.442566 -3.470000e+01 -5.760146e-06 0 128 
1625657564.690067 -3.470000e+01 -5.741560e-06 0 128 
1625657564.937579 -3.470000e+01 -5.759500e-06 0 128 
1625657565.185081 -3.470000e+01 -5.754075e-06 0 128 
1625657565.432600 -3.470000e+01 -5.767716e-06 0 128 
1625657565.680116 -3.470000e+01 -5.749798e-06 0 128 
1625657565.927604 -3.470000e+01 -5.760844e-06 0 128 
1625657566.175124 -3.470000e+01 -5.768742e-06 0 128 
1625657566.422622 -3.470000e+01 -5.797875e-06 0 128 
1625657566.670128 -3.470000e+01 -5.789889e-06 0 128 
1625657566.917605 -3.470000e+01 -5.787806e-06 0 128 
1625657567.165102 -3.470000e+01 -5.780838e-06 0 128 
1625657567.412615 -3.470000e+01 -5.774743e-06 0 128 
1625657568.162476 -3.490000e+01 -6.777275e-06 256 128 
1625657568.410002 -3.490000e+01 -6.783702e-06 0 128 
1625657568.657535 -3.490000e+01 -6.789891e-06 0 128 
1625657568.905062 -3.490000e+01 -6.758258e-06 0 128 
1625657569.152553 -3.490000e+01 -6.753088e-06 0 128 
1625657569.400079 -3.490000e+01 -6.754005e-06 0 128 
1625657569.647576 -3.490000e+01 -6.738434e-06 0 128 
1625657569.895084 -3.490000e+01 -6.726247e-06 0 128 
1625657570.142596 -3.490000e+01 -6.745273e-06 0 128 
1625657570.390103 -3.490000e+01 -6.775593e-06 0 128 
1625657570.637627 -3.490000e+01 -6.739445e-06 0 128 
1625657570.885146 -3.490000e+01 -6.750831e-06 0 128 
1625657571.132667 -3.490000e+01 -6.731022e-06 0 128 
1625657571.380156 -3.490000e+01 -6.754754e-06 0 128 
1625657571.627663 -3.490000e+01 -6.732721e-06 0 128 
1625657571.875172 -3.490000e+01 -6.759740e-06 0 128 
1625657572.122716 -3.490000e+01 -6.730339e-06 0 128 
1625657572.370234 -3.490000e+01 -6.747528e-06 0 128 
1625657572.617729 -3.490000e+01 -6.745739e-06 0 128 
1625657572.865224 -3.490000e+01 -6.746106e-06 0 128 
1625657573.112751 -3.490000e+01 -6.746197e-06 0 128 
1625657573.360257 -3.490000e+01 -6.747470e-06 0 128 
1625657573.607767 -3.490000e+01 -6.746485e-06 0 128 
1625657573.855274 -3.490000e+01 -6.737020e-06 0 128 
1625657574.102794 -3.490000e+01 -6.743830e-06 0 128 
1625657574.852666 -3.510000e+01 -7.927503e-06 256 128 
1625657575.100181 -3.510000e+01 -7.931046e-06 0 128 
1625657575.347692 -3.510000e+01 -7.943026e-06 0 128 
1625657575.595198 -3.510000e+01 -7.930787e-06 0 128 
1625657575.842704 -3.510000e+01 -7.927043e-06 0 128 
1625657576.090214 -3.510000e+01 -7.909037e-06 0 128 
1625657576.337740 -3.510000e+01 -7.946908e-06 0 128 
1625657576.585258 -3.510000e+01 -7.942868e-06 0 128 
1625657576.832771 -3.510000e+01 -7.953104e-06 0 128 
1625657577.080309 -3.510000e+01 -7.933271e-06 0 128 
1625657577.327812 -3.510000e+01 -7.955718e-06 0 128 
1625657577.575339 -3.510000e+01 -7.956666e-06 0 128 
1625657577.822874 -3.510000e+01 -7.965619e-06 0 128 
1625657578.070389 -3.510000e+01 -7.927265e-06 0 128 
1625657578.317896 -3.510000e+01 -7.958775e-06 0 128 
1625657578.565405 -3.510000e+01 -7.938755e-06 0 128 
1625657578.812926 -3.510000e+01 -7.926374e-06 0 128 
1625657579.060446 -3.510000e+01 -7.900901e-06 0 128 
1625657579.307949 -3.510000e+01 -7.913745e-06 0 128 
1625657579.555451 -3.510000e+01 -7.903373e-06 0 128 
1625657579.802974 -3.510000e+01 -7.908890e-06 0 128 
1625657580.050485 -3.510000e+01 -7.876449e-06 0 128 
1625657580.297992 -3.510000e+01 -7.883720e-06 0 128 
1625657580.545486 -3.510000e+01 -7.924457e-06 0 128 
1625657580.793015 -3.510000e+01 -7.900788e-06 0 128 
1625657581.357302 -3.530000e+01 -9.248898e-06 256 128 
1625657581.419174 -3.530000e+01 -9.259280e-06 0 128 
1625657581.481054 -3.530000e+01 -9.231058e-06 0 128 
1625657581.542935 -3.530000e+01 -9.237229e-06 0 128 
1625657581.604812 -3.530000e+01 -9.227461e-06 0 128 
1625657581.666679 -3.530000e+01 -9.254042e-06 0 128 
1625657581.728550 -3.530000e+01 -9.222873e-06 0 128 
1625657581.790425 -3.530000e+01 -9.216401e-06 0 128 
1625657581.852291 -3.530000e+01 -9.208357e-06 0 128 
1625657581.914171 -3.530000e+01 -9.243098e-06 0 128 
1625657581.976053 -3.530000e+01 -9.230434e-06 0 128 
1625657582.037933 -3.530000e+01 -9.279343e-06 0 128 
1625657582.099798 -3.530000e+01 -9.243133e-06 0 128 
1625657582.161675 -3.530000e+01 -9.282405e-06 0 128 
1625657582.223550 -3.530000e+01 -9.193321e-06 0 128 
1625657582.285432 -3.530000e+01 -9.236946e-06 0 128 
1625657582.347296 -3.530000e+01 -9.265249e-06 0 128 
1625657582.409180 -3.530000e+01 -9.253192e-06 0 128 
1625657582.471056 -3.530000e+01 -9.245104e-06 0 128 
1625657582.532924 -3.530000e+01 -9.313871e-06 0 128 
1625657582.594792 -3.530000e+01 -9.280873e-06 0 128 
1625657582.656668 -3.530000e+01 -9.203070e-06 0 128 
1625657582.718553 -3.530000e+01 -9.302296e-06 0 128 
1625657582.780425 -3.530000e+01 -9.223036e-06 0 128 
1625657582.842309 -3.530000e+01 -9.236955e-06 0 128 
1625657583.677961 -3.550000e+01 -1.078325e-05 256 128 
1625657583.739837 -3.550000e+01 -1.082605e-05 0 128 
1625657583.801720 -3.550000e+01 -1.081100e-05 0 128 
1625657583.863584 -3.550000e+01 -1.081047e-05 0 128 
1625657583.925454 -3.550000e+01 -1.080494e-05 0 128 
1625657583.987323 -3.550000e+01 -1.084336e-05 0 128 
1625657584.049186 -3.550000e+01 -1.086518e-05 0 128 
1625657584.111056 -3.550000e+01 -1.080036e-05 0 128 
1625657584.172935 -3.550000e+01 -1.084555e-05 0 128 
1625657584.234804 -3.550000e+01 -1.081363e-05 0 128 
1625657584.296666 -3.550000e+01 -1.077459e-05 0 128 
1625657584.358540 -3.550000e+01 -1.084367e-05 0 128 
1625657584.420405 -3.550000e+01 -1.089221e-05 0 128 
1625657584.482268 -3.550000e+01 -1.081925e-05 0 128 
1625657584.544143 -3.550000e+01 -1.083945e-05 0 128 
1625657584.606013 -3.550000e+01 -1.076325e-05 0 128 
1625657584.667874 -3.550000e+01 -1.088736e-05 0 128 
1625657584.729752 -3.550000e+01 -1.090454e-05 0 128 
1625657584.791613 -3.550000e+01 -1.081595e-05 0 128 
1625657584.853473 -3.550000e+01 -1.085033e-05 0 128 
1625657584.915335 -3.550000e+01 -1.082960e-05 0 128 
1625657584.977199 -3.550000e+01 -1.078066e-05 0 128 
1625657585.039063 -3.550000e+01 -1.087572e-05 0 128 
1625657585.100935 -3.550000e+01 -1.083181e-05 0 128 
1625657585.162792 -3.550000e+01 -1.084409e-05 0 128 
1625657585.726030 -3.570000e+01 -1.276141e-05 256 128 
1625657585.787907 -3.570000e+01 -1.262174e-05 0 128 
1625657585.849792 -3.570000e+01 -1.265323e-05 0 128 
1625657585.911663 -3.570000e+01 -1.264820e-05 0 128 
1625657585.973530 -3.570000e+01 -1.268682e-05 0 128 
1625657586.035396 -3.570000e+01 -1.262255e-05 0 128 
1625657586.097260 -3.570000e+01 -1.265963e-05 0 128 
1625657586.159123 -3.570000e+01 -1.263441e-05 0 128 
1625657586.220999 -3.570000e+01 -1.259065e-05 0 128 
1625657586.282856 -3.570000e+01 -1.268008e-05 0 128 
1625657586.344722 -3.570000e+01 -1.271786e-05 0 128 
1625657586.406599 -3.570000e+01 -1.265316e-05 0 128 
1625657586.468470 -3.570000e+01 -1.272262e-05 0 128 
1625657586.530348 -3.570000e+01 -1.267393e-05 0 128 
1625657586.592212 -3.570000e+01 -1.265818e-05 0 128 
1625657586.654075 -3.570000e+01 -1.263726e-05 0 128 
1625657586.715942 -3.570000e+01 -1.270902e-05 0 128 
1625657586.777823 -3.570000e+01 -1.264718e-05 0 128 
1625657586.839689 -3.570000e+01 -1.268664e-05 0 128 
1625657586.901559 -3.570000e+01 -1.269878e-05 0 128 
1625657586.963437 -3.570000e+01 -1.265012e-05 0 128 
1625657587.025316 -3.570000e+01 -1.261750e-05 0 128 
1625657587.087179 -3.570000e+01 -1.269082e-05 0 128 
1625657587.149051 -3.570000e+01 -1.271225e-05 0 128 
1625657587.210922 -3.570000e+01 -1.277011e-05 0 128 
1625657587.774149 -3.590000e+01 -1.498750e-05 256 128 
1625657587.836029 -3.590000e+01 -1.488011e-05 0 128 
1625657587.897905 -3.590000e+01 -1.485607e-05 0 128 
1625657587.959769 -3.590000e+01 -1.484792e-05 0 128 
1625657588.021630 -3.590000e+01 -1.486838e-05 0 128 
1625657588.083502 -3.590000e+01 -1.493619e-05 0 128 
1625657588.145367 -3.590000e+01 -1.483760e-05 0 128 
1625657588.207229 -3.590000e+01 -1.497409e-05 0 128 
1625657588.269105 -3.590000e+01 -1.490219e-05 0 128 
1625657588.330968 -3.590000e+01 -1.479130e-05 0 128 
1625657588.392830 -3.590000e+01 -1.497701e-05 0 128 
1625657588.454691 -3.590000e+01 -1.487731e-05 0 128 
1625657588.516551 -3.590000e+01 -1.481779e-05 0 128 
1625657588.578429 -3.590000e+01 -1.482506e-05 0 128 
1625657588.640285 -3.590000e+01 -1.501692e-05 0 128 
1625657588.702164 -3.590000e+01 -1.495443e-05 0 128 
1625657588.764027 -3.590000e+01 -1.485522e-05 0 128 
1625657588.825896 -3.590000e+01 -1.497707e-05 0 128 
1625657588.887763 -3.590000e+01 -1.491646e-05 0 128 
1625657588.949629 -3.590000e+01 -1.481980e-05 0 128 
1625657589.011496 -3.590000e+01 -1.492994e-05 0 128 
1625657589.073370 -3.590000e+01 -1.500008e-05 0 128 
1625657589.135243 -3.590000e+01 -1.480226e-05 0 128 
1625657589.197117 -3.590000e+01 -1.489608e-05 0 128 
1625657589.258991 -3.590000e+01 -1.482482e-05 0 128 
1625657589.822220 -3.610000e+01 -1.759538e-05 256 128 
1625657589.884098 -3.610000e+01 -1.761392e-05 0 128 
1625657589.945978 -3.610000e+01 -1.762286e-05 0 128 
1625657590.007851 -3.610000e+01 -1.748563e-05 0 128 
1625657590.069721 -3.610000e+01 -1.761614e-05 0 128 
1625657590.131598 -3.610000e+01 -1.749327e-05 0 128 
1625657590.193475 -3.610000e+01 -1.769273e-05 0 128 
1625657590.255338 -3.610000e+01 -1.748938e-05 0 128 
1625657590.317208 -3.610000e+01 -1.758660e-05 0 128 
1625657590.379079 -3.610000e+01 -1.766990e-05 0 128 
1625657590.440950 -3.610000e+01 -1.758611e-05 0 128 
1625657590.502827 -3.610000e+01 -1.765553e-05 0 128 
1625657590.564683 -3.610000e+01 -1.750245e-05 0 128 
1625657590.626548 -3.610000e+01 -1.761899e-05 0 128 
1625657590.688411 -3.610000e+01 -1.763664e-05 0 128 
1625657590.750269 -3.610000e+01 -1.760811e-05 0 128 
1625657590.812130 -3.610000e+01 -1.761430e-05 0 128 
1625657590.873994 -3.610000e+01 -1.765609e-05 0 128 
1625657590.935865 -3.610000e+01 -1.760313e-05 0 128 
1625657590.997735 -3.610000e+01 -1.760884e-05 0 128 
1625657591.059598 -3.610000e+01 -1.757274e-05 0 128 
1625657591.121462 -3.610000e+01 -1.763509e-05 0 128 
1625657591.183322 -3.610000e+01 -1.765440e-05 0 128 
1625657591.245195 -3.610000e+01 -1.761652e-05 0 128 
1625657591.307074 -3.610000e+01 -1.755598e-05 0 128 
1625657591.870310 -3.630000e+01 -2.077947e-05 256 128 
1625657591.932174 -3.630000e+01 -2.079416e-05 0 128 
1625657591.994045 -3.630000e+01 -2.071741e-05 0 128 
1625657592.055912 -3.630000e+01 -2.066945e-05 0 128 
1625657592.117783 -3.630000e+01 -2.063103e-05 0 128 
1625657592.179645 -3.630000e+01 -2.070921e-05 0 128 
1625657592.241521 -3.630000e+01 -2.074449e-05 0 128 
1625657592.303392 -3.630000e+01 -2.090854e-05 0 128 
1625657592.365270 -3.630000e+01 -2.082028e-05 0 128 
1625657592.427130 -3.630000e+01 -2.073149e-05 0 128 
1625657592.488993 -3.630000e+01 -2.068271e-05 0 128 
1625657592.550859 -3.630000e+01 -2.069026e-05 0 128 
1625657592.612732 -3.630000e+01 -2.077105e-05 0 128 
1625657592.674597 -3.630000e+01 -2.077191e-05 0 128 
1625657592.736474 -3.630000e+01 -2.079666e-05 0 128 
1625657592.798351 -3.630000e+01 -2.074006e-05 0 128 
1625657592.860210 -3.630000e+01 -2.080875e-05 0 128 
1625657592.922078 -3.630000e+01 -2.076166e-05 0 128 
1625657592.983943 -3.630000e+01 -2.083576e-05 0 128 
1625657593.045809 -3.630000e+01 -2.076896e-05 0 128 
1625657593.107678 -3.630000e+01 -2.076781e-05 0 128 
1625657593.169540 -3.630000e+01 -2.083708e-05 0 128 
1625657593.231400 -3.630000e+01 -2.083837e-05 0 128 
1625657593.293263 -3.630000e+01 -2.063938e-05 0 128 
1625657593.355129 -3.630000e+01 -2.076756e-05 0 128 
1625657593.918353 -3.650000e+01 -2.446144e-05 256 128 
1625657593.980220 -3.650000e+01 -2.472478e-05 0 128 
1625657594.042094 -3.650000e+01 -2.477159e-05 0 128 
1625657594.103960 -3.650000e+01 -2.464616e-05 0 128 
1625657594.165829 -3.650000e+01 -2.455122e-05 0 128 
1625657594.227702 -3.650000e+01 -2.449185e-05 0 128 
1625657594.289567 -3.650000e+01 -2.460865e-05 0 128 
1625657594.351436 -3.650000e+01 -2.482909e-05 0 128 
1625657594.413308 -3.650000e+01 -2.451708e-05 0 128 
1625657594.475173 -3.650000e+01 -2.474841e-05 0 128 
1625657594.537049 -3.650000e+01 -2.473898e-05 0 128 
1625657594.598929 -3.650000e+01 -2.463503e-05 0 128 
1625657594.660806 -3.650000e+01 -2.462459e-05 0 128 
1625657594.722680 -3.650000e+01 -2.464216e-05 0 128 
1625657594.784544 -3.650000e+01 -2.470248e-05 0 128 
1625657594.846406 -3.650000e+01 -2.470082e-05 0 128 
1625657594.908274 -3.650000e+01 -2.462540e-05 0 128 
1625657594.970132 -3.650000e+01 -2.451330e-05 0 128 
1625657595.031991 -3.650000e+01 -2.462922e-05 0 128 
1625657595.093859 -3.650000e+01 -2.477999e-05 0 128 
1625657595.155731 -3.650000e+01 -2.457218e-05 0 128 
1625657595.217613 -3.650000e+01 -2.450579e-05 0 128 
1625657595.279495 -3.650000e+01 -2.475959e-05 0 128 
1625657595.341371 -3.650000e+01 -2.474495e-05 0 128 
1625657595.403233 -3.650000e+01 -2.466065e-05 0 128 
1625657595.966467 -3.670000e+01 -2.940807e-05 256 128 
1625657596.028349 -3.670000e+01 -2.930750e-05 0 128 
1625657596.090209 -3.670000e+01 -2.934033e-05 0 128 
1625657596.152070 -3.670000e+01 -2.917840e-05 0 128 
1625657596.213942 -3.670000e+01 -2.914635e-05 0 128 
1625657596.275803 -3.670000e+01 -2.941176e-05 0 128 
1625657596.337673 -3.670000e+01 -2.946590e-05 0 128 
1625657596.399540 -3.670000e+01 -2.915939e-05 0 128 
1625657596.461406 -3.670000e+01 -2.921593e-05 0 128 
1625657596.523277 -3.670000e+01 -2.910323e-05 0 128 
1625657596.585164 -3.670000e+01 -2.925097e-05 0 128 
1625657596.647040 -3.670000e+01 -2.932931e-05 0 128 
1625657596.708901 -3.670000e+01 -2.924961e-05 0 128 
1625657596.770778 -3.670000e+01 -2.925958e-05 0 128 
1625657596.832656 -3.670000e+01 -2.943781e-05 0 128 
1625657596.894523 -3.670000e+01 -2.938226e-05 0 128 
1625657596.956383 -3.670000e+01 -2.934043e-05 0 128 
1625657597.018264 -3.670000e+01 -2.917067e-05 0 128 
1625657597.080126 -3.670000e+01 -2.928386e-05 0 128 
1625657597.141991 -3.670000e+01 -2.937920e-05 0 128 
1625657597.203868 -3.670000e+01 -2.924172e-05 0 128 
1625657597.265734 -3.670000e+01 -2.910724e-05 0 128 
1625657597.327607 -3.670000e+01 -2.941995e-05 0 128 
1625657597.389475 -3.670000e+01 -2.932449e-05 0 128 
1625657597.451340 -3.670000e+01 -2.954124e-05 0 128 
1625657598.014556 -3.690000e+01 -3.538883e-05 256 128 
1625657598.076431 -3.690000e+01 -3.516563e-05 0 128 
1625657598.138293 -3.690000e+01 -3.544284e-05 0 128 
1625657598.200171 -3.690000e+01 -3.531017e-05 0 128 
1625657598.262046 -3.690000e+01 -3.535004e-05 0 128 
1625657598.323923 -3.690000e+01 -3.525361e-05 0 128 
1625657598.385786 -3.690000e+01 -3.511902e-05 0 128 
1625657598.447661 -3.690000e+01 -3.544075e-05 0 128 
1625657598.509534 -3.690000e+01 -3.528308e-05 0 128 
1625657598.571405 -3.690000e+01 -3.536595e-05 0 128 
1625657598.633280 -3.690000e+01 -3.567714e-05 0 128 
1625657598.695148 -3.690000e+01 -3.549529e-05 0 128 
1625657598.757021 -3.690000e+01 -3.539890e-05 0 128 
1625657598.818887 -3.690000e+01 -3.545056e-05 0 128 
1625657598.880767 -3.690000e+01 -3.552444e-05 0 128 
1625657598.942634 -3.690000e+01 -3.543569e-05 0 128 
1625657599.004503 -3.690000e+01 -3.519500e-05 0 128 
1625657599.066369 -3.690000e+01 -3.564828e-05 0 128 
1625657599.128243 -3.690000e+01 -3.529493e-05 0 128 
1625657599.190114 -3.690000e+01 -3.536448e-05 0 128 
1625657599.251986 -3.690000e+01 -3.523838e-05 0 128 
1625657599.313853 -3.690000e+01 -3.557692e-05 0 128 
1625657599.375718 -3.690000e+01 -3.555427e-05 0 128 
1625657599.437588 -3.690000e+01 -3.552800e-05 0 128 
1625657599.499452 -3.690000e+01 -3.541901e-05 0 128 
1625657600.062682 -3.710000e+01 -4.293844e-05 256 128 
1625657600.124562 -3.710000e+01 -4.262565e-05 0 128 
1625657600.186439 -3.710000e+01 -4.294076e-05 0 128 
1625657600.248317 -3.710000e+01 -4.268061e-05 0 128 
1625657600.310186 -3.710000e+01 -4.261914e-05 0 128 
1625657600.372058 -3.710000e+01 -4.311663e-05 0 128 
1625657600.433919 -3.710000e+01 -4.273457e-05 0 128 
1625657600.495793 -3.710000e+01 -4.279040e-05 0 128 
1625657600.557663 -3.710000e+01 -4.268752e-05 0 128 
1625657600.619536 -3.710000e+01 -4.280653e-05 0 128 
1625657600.681415 -3.710000e+01 -4.308209e-05 0 128 
1625657600.743290 -3.710000e+01 -4.278746e-05 0 128 
1625657600.805171 -3.710000e+01 -4.270685e-05 0 128 
1625657600.867032 -3.710000e+01 -4.283550e-05 0 128 
1625657600.928906 -3.710000e+01 -4.317845e-05 0 128 
1625657600.990784 -3.710000e+01 -4.294087e-05 0 128 
1625657601.052651 -3.710000e+01 -4.267229e-05 0 128 
1625657601.114517 -3.710000e+01 -4.277058e-05 0 128 
1625657601.176394 -3.710000e+01 -4.285300e-05 0 128 
1625657601.238272 -3.710000e+01 -4.276834e-05 0 128 
1625657601.300152 -3.710000e+01 -4.267330e-05 0 128 
1625657601.362028 -3.710000e+01 -4.277401e-05 0 128 
1625657601.423908 -3.710000e+01 -4.281886e-05 0 128 
1625657601.485778 -3.710000e+01 -4.269779e-05 0 128 
1625657601.547641 -3.710000e+01 -4.268112e-05 0 128 
1625657602.110864 -3.730000e+01 -5.269241e-05 256 128 
1625657602.172737 -3.730000e+01 -5.288967e-05 0 128 
1625657602.234612 -3.730000e+01 -5.232836e-05 0 128 
1625657602.296495 -3.730000e+01 -5.265727e-05 0 128 
1625657602.358366 -3.730000e+01 -5.242406e-05 0 128 
1625657602.420236 -3.730000e+01 -5.240814e-05 0 128 
1625657602.482110 -3.730000e+01 -5.268218e-05 0 128 
1625657602.543975 -3.730000e+01 -5.269345e-05 0 128 
1625657602.605842 -3.730000e+01 -5.267108e-05 0 128 
1625657602.667720 -3.730000e+01 -5.271796e-05 0 128 
1625657602.729588 -3.730000e+01 -5.287032e-05 0 128 
1625657602.791457 -3.730000e+01 -5.275306e-05 0 128 
1625657602.853337 -3.730000e+01 -5.272560e-05 0 128 
1625657602.915212 -3.730000e+01 -5.321725e-05 0 128 
1625657602.977078 -3.730000e+01 -5.231883e-05 0 128 
1625657603.038960 -3.730000e+01 -5.275249e-05 0 128 
1625657603.100842 -3.730000e+01 -5.243139e-05 0 128 
1625657603.162720 -3.730000e+01 -5.277887e-05 0 128 
1625657603.224597 -3.730000e+01 -5.264365e-05 0 128 
1625657603.286471 -3.730000e+01 -5.282035e-05 0 128 
1625657603.348348 -3.730000e+01 -5.244582e-05 0 128 
1625657603.410216 -3.730000e+01 -5.269515e-05 0 128 
1625657603.472095 -3.730000e+01 -5.252635e-05 0 128 
1625657603.533958 -3.730000e+01 -5.236753e-05 0 128 
1625657603.595827 -3.730000e+01 -5.240088e-05 0 128 
1625657604.159067 -3.750000e+01 -6.533949e-05 256 128 
1625657604.220943 -3.750000e+01 -6.589488e-05 0 128 
1625657604.282822 -3.750000e+01 -6.589518e-05 0 128 
1625657604.344694 -3.750000e+01 -6.565401e-05 0 128 
1625657604.406556 -3.750000e+01 -6.567399e-05 0 128 
1625657604.468442 -3.750000e+01 -6.571232e-05 0 128 
1625657604.530318 -3.750000e+01 -6.523619e-05 0 128 
1625657604.592204 -3.750000e+01 -6.574512e-05 0 128 
1625657604.654078 -3.750000e+01 -6.546517e-05 0 128 
1625657604.715959 -3.750000e+01 -6.572737e-05 0 128 
1625657604.777828 -3.750000e+01 -6.548677e-05 0 128 
1625657604.839707 -3.750000e+01 -6.546424e-05 0 128 
1625657604.901578 -3.750000e+01 -6.581587e-05 0 128 
1625657604.963459 -3.750000e+01 -6.575818e-05 0 128 
1625657605.025337 -3.750000e+01 -6.598565e-05 0 128 
1625657605.087203 -3.750000e+01 -6.521209e-05 0 128 
1625657605.149080 -3.750000e+01 -6.569434e-05 0 128 
1625657605.210949 -3.750000e+01 -6.562349e-05 0 128 
1625657605.272829 -3.750000e+01 -6.555030e-05 0 128 
1625657605.334708 -3.750000e+01 -6.600386e-05 0 128 
1625657605.396573 -3.750000e+01 -6.539484e-05 0 128 
1625657605.458447 -3.750000e+01 -6.590381e-05 0 128 
1625657605.520327 -3.750000e+01 -6.596651e-05 0 128 
1625657605.582198 -3.750000e+01 -6.531038e-05 0 128 
1625657605.644062 -3.750000e+01 -6.535013e-05 0 128 
1625657606.207302 -3.770000e+01 -8.331225e-05 256 128 
1625657606.269188 -3.770000e+01 -8.319069e-05 0 128 
1625657606.331066 -3.770000e+01 -8.335968e-05 0 128 
1625657606.392944 -3.770000e+01 -8.364668e-05 0 128 
1625657606.454828 -3.770000e+01 -8.304936e-05 0 128 
1625657606.516704 -3.770000e+01 -8.426030e-05 0 128 
1625657606.578584 -3.770000e+01 -8.318442e-05 0 128 
1625657606.640460 -3.770000e+01 -8.323014e-05 0 128 
1625657606.702337 -3.770000e+01 -8.242448e-05 0 128 
1625657606.764219 -3.770000e+01 -8.259426e-05 0 128 
1625657606.826090 -3.770000e+01 -8.292956e-05 0 128 
1625657606.887972 -3.770000e+01 -8.282623e-05 0 128 
1625657606.949837 -3.770000e+01 -8.277757e-05 0 128 
1625657607.011713 -3.770000e+01 -8.364046e-05 0 128 
1625657607.073579 -3.770000e+01 -8.241050e-05 0 128 
1625657607.135459 -3.770000e+01 -8.298504e-05 0 128 
1625657607.197329 -3.770000e+01 -8.252211e-05 0 128 
1625657607.259196 -3.770000e+01 -8.284875e-05 0 128 
1625657607.321069 -3.770000e+01 -8.298174e-05 0 128 
1625657607.382944 -3.770000e+01 -8.263836e-05 0 128 
1625657607.444820 -3.770000e+01 -8.310664e-05 0 128 
1625657607.506688 -3.770000e+01 -8.212790e-05 0 128 
1625657607.568564 -3.770000e+01 -8.280653e-05 0 128 
1625657607.630435 -3.770000e+01 -8.310784e-05 0 128 
1625657607.692317 -3.770000e+01 -8.294085e-05 0 128 
1625657608.388309 -3.790000e+01 -1.076404e-04 256 128 
1625657608.450176 -3.790000e+01 -1.082497e-04 0 128 
1625657608.512045 -3.790000e+01 -1.078494e-04 0 128 
1625657608.573924 -3.790000e+01 -1.081678e-04 0 128 
1625657608.635794 -3.790000e+01 -1.090106e-04 0 128 
1625657608.697662 -3.790000e+01 -1.078179e-04 0 128 
1625657608.759537 -3.790000e+01 -1.079282e-04 0 128 
1625657608.821410 -3.790000e+01 -1.069908e-04 0 128 
1625657608.883266 -3.790000e+01 -1.073068e-04 0 128 
1625657608.945137 -3.790000e+01 -1.070638e-04 0 128 
1625657609.007005 -3.790000e+01 -1.083259e-04 0 128 
1625657609.068877 -3.790000e+01 -1.074517e-04 0 128 
1625657609.130746 -3.790000e+01 -1.077753e-04 0 128 
1625657609.192619 -3.790000e+01 -1.074214e-04 0 128 
1625657609.254481 -3.790000e+01 -1.088113e-04 0 128 
1625657609.316354 -3.790000e+01 -1.084932e-04 0 128 
1625657609.378219 -3.790000e+01 -1.082182e-04 0 128 
1625657609.440092 -3.790000e+01 -1.075080e-04 0 128 
1625657609.501971 -3.790000e+01 -1.079000e-04 0 128 
1625657609.563844 -3.790000e+01 -1.082831e-04 0 128 
1625657609.625721 -3.790000e+01 -1.075130e-04 0 128 
1625657609.687582 -3.790000e+01 -1.080521e-04 0 128 
1625657609.749442 -3.790000e+01 -1.077536e-04 0 128 
1625657609.811305 -3.790000e+01 -1.083217e-04 0 128 
1625657609.873181 -3.790000e+01 -1.078407e-04 0 128 
1625657610.436416 -3.810000e+01 -1.445695e-04 256 128 
1625657610.498290 -3.810000e+01 -1.450959e-04 0 128 
1625657610.560150 -3.810000e+01 -1.447297e-04 0 128 
1625657610.622027 -3.810000e+01 -1.442014e-04 0 128 
1625657610.683886 -3.810000e+01 -1.456674e-04 0 128 
1625657610.745746 -3.810000e+01 -1.451913e-04 0 128 
1625657610.807603 -3.810000e+01 -1.453088e-04 0 128 
1625657610.869471 -3.810000e+01 -1.446608e-04 0 128 
1625657610.931346 -3.810000e+01 -1.453657e-04 0 128 
1625657610.993216 -3.810000e+01 -1.452282e-04 0 128 
1625657611.055093 -3.810000e+01 -1.448761e-04 0 128 
1625657611.116961 -3.810000e+01 -1.460889e-04 0 128 
1625657611.178820 -3.810000e+01 -1.459946e-04 0 128 
1625657611.240694 -3.810000e+01 -1.463903e-04 0 128 
1625657611.302565 -3.810000e+01 -1.458821e-04 0 128 
1625657611.364442 -3.810000e+01 -1.460811e-04 0 128 
1625657611.426304 -3.810000e+01 -1.449549e-04 0 128 
1625657611.488181 -3.810000e+01 -1.452629e-04 0 128 
1625657611.550059 -3.810000e+01 -1.461500e-04 0 128 
1625657611.611932 -3.810000e+01 -1.457501e-04 0 128 
1625657611.673800 -3.810000e+01 -1.444080e-04 0 128 
1625657611.735674 -3.810000e+01 -1.454980e-04 0 128 
1625657611.797551 -3.810000e+01 -1.460607e-04 0 128 
1625657611.859429 -3.810000e+01 -1.463488e-04 0 128 
1625657611.921300 -3.810000e+01 -1.458675e-04 0 128 
1625657612.484508 -3.830000e+01 -2.067047e-04 256 128 
1625657612.546384 -3.830000e+01 -2.055334e-04 0 128 
1625657612.608251 -3.830000e+01 -2.048455e-04 0 128 
1625657612.670118 -3.830000e+01 -2.067333e-04 0 128 
1625657612.731994 -3.830000e+01 -2.055051e-04 0 128 
1625657612.793867 -3.830000e+01 -2.084320e-04 0 128 
1625657612.855743 -3.830000e+01 -2.076612e-04 0 128 
1625657612.917614 -3.830000e+01 -2.071958e-04 0 128 
1625657612.979476 -3.830000e+01 -2.061791e-04 0 128 
1625657613.041339 -3.830000e+01 -2.058376e-04 0 128 
1625657613.103203 -3.830000e+01 -2.060905e-04 0 128 
1625657613.165081 -3.830000e+01 -2.045400e-04 0 128 
1625657613.226947 -3.830000e+01 -2.062859e-04 0 128 
1625657613.288816 -3.830000e+01 -2.056335e-04 0 128 
1625657613.350694 -3.830000e+01 -2.053430e-04 0 128 
1625657613.412558 -3.830000e+01 -2.074877e-04 0 128 
1625657613.474418 -3.830000e+01 -2.057031e-04 0 128 
1625657613.536278 -3.830000e+01 -2.067271e-04 0 128 
1625657613.598137 -3.830000e+01 -2.045266e-04 0 128 
1625657613.660008 -3.830000e+01 -2.039248e-04 0 128 
1625657613.721879 -3.830000e+01 -2.054876e-04 0 128 
1625657613.783739 -3.830000e+01 -2.066377e-04 0 128 
1625657613.845622 -3.830000e+01 -2.062929e-04 0 128 
1625657613.907494 -3.830000e+01 -2.041036e-04 0 128 
1625657613.969351 -3.830000e+01 -2.053734e-04 0 128 
